query_id,selectivity,plan,returned,recall,latency_ms
0,0.01,Exact-filter-first,10,1.0,0.13108699999975215
0,0.01,HNSW-medium,5,0.5,0.49637400002211507
0,0.01,HNSW-low,2,0.2,0.7338890000028186
0,0.01,HNSW-high,5,0.5,0.7307779999337072
0,0.1,HNSW-high,10,1.0,0.7623879999982819
0,0.1,Exact-filter-first,10,1.0,0.2851020000207427
0,0.1,HNSW-medium,10,1.0,0.2702309999449426
0,0.1,HNSW-low,10,1.0,0.24539499997899838
0,0.5,Exact-filter-first,10,1.0,0.9346279999817853
0,0.5,HNSW-high,10,1.0,0.532479000071362
0,0.5,HNSW-medium,10,1.0,0.29240300000310526
0,0.5,HNSW-low,10,1.0,0.14258700002756086
0,1.0,Exact-filter-first,10,1.0,1.4816989998962526
0,1.0,HNSW-medium,10,1.0,0.50642799999423
0,1.0,HNSW-low,10,1.0,1.0354680000546068
0,1.0,HNSW-high,10,1.0,1.8889970000373069
1,0.01,HNSW-low,0,0.0,0.2100570000038715
1,0.01,HNSW-high,5,0.5,0.6494770000244898
1,0.01,HNSW-medium,5,0.5,0.24509100001068873
1,0.01,Exact-filter-first,10,1.0,0.11779900000874477
1,0.1,Exact-filter-first,10,1.0,0.2518910000617325
1,0.1,HNSW-high,10,1.0,0.5261009999912858
1,0.1,HNSW-low,10,1.0,0.14463200000136567
1,0.1,HNSW-medium,10,1.0,0.21910999998908665
1,0.5,HNSW-medium,10,1.0,0.3666909999537893
1,0.5,HNSW-high,10,1.0,0.4728659999955198
1,0.5,Exact-filter-first,10,1.0,0.9886619999406321
1,0.5,HNSW-low,10,1.0,0.1708070000177031
1,1.0,HNSW-high,10,1.0,0.5866330000117159
1,1.0,HNSW-medium,10,1.0,0.31959599994024757
1,1.0,Exact-filter-first,10,1.0,1.5411990000302467
1,1.0,HNSW-low,10,1.0,0.18130799992377433
2,0.01,HNSW-low,3,0.3,0.15018600004168547
2,0.01,Exact-filter-first,10,1.0,0.049474999968879274
2,0.01,HNSW-medium,7,0.7,0.25564700001723395
2,0.01,HNSW-high,10,1.0,0.3904389999433988
2,0.1,Exact-filter-first,10,1.0,0.24475099996834615
2,0.1,HNSW-medium,10,1.0,0.2620049999677576
2,0.1,HNSW-high,10,1.0,0.37461700003404985
2,0.1,HNSW-low,10,1.0,0.14219199999843113
2,0.5,HNSW-low,10,1.0,0.2108600000383376
2,0.5,Exact-filter-first,10,1.0,0.9060889999545907
2,0.5,HNSW-medium,10,1.0,0.2949209999769664
2,0.5,HNSW-high,10,1.0,0.4262170000401966
2,1.0,HNSW-medium,10,1.0,0.34022099998765043
2,1.0,Exact-filter-first,10,1.0,1.5959300000076837
2,1.0,HNSW-low,10,1.0,0.2059729999928095
2,1.0,HNSW-high,10,1.0,0.6458120000161216
3,0.01,HNSW-medium,2,0.2,0.3315249999786829
3,0.01,HNSW-high,2,0.2,0.5863940000381263
3,0.01,HNSW-low,0,0.0,0.15907099998457852
3,0.01,Exact-filter-first,10,1.0,0.11223399997106753
3,0.1,HNSW-high,10,1.0,0.4955440000458111
3,0.1,HNSW-medium,10,1.0,0.3242330000148286
3,0.1,HNSW-low,10,1.0,0.14988400005222502
3,0.1,Exact-filter-first,10,1.0,0.26643800003967044
3,0.5,HNSW-high,10,1.0,0.5402839999533171
3,0.5,Exact-filter-first,10,1.0,1.073799999971925
3,0.5,HNSW-medium,10,1.0,0.41826200003924896
3,0.5,HNSW-low,10,0.9,0.16441200000372191
3,1.0,HNSW-high,10,1.0,0.6999869999617658
3,1.0,HNSW-medium,10,1.0,0.4261190000534043
3,1.0,Exact-filter-first,10,1.0,1.6528830000197559
3,1.0,HNSW-low,10,1.0,0.28848500005551614
4,0.01,HNSW-low,0,0.0,0.13399800002389384
4,0.01,HNSW-high,4,0.4,0.3898219999882713
4,0.01,Exact-filter-first,10,1.0,0.11580900002172712
4,0.01,HNSW-medium,4,0.4,0.2609770000390199
4,0.1,HNSW-high,10,1.0,0.4591080000864167
4,0.1,HNSW-medium,10,0.9,0.2260549999846262
4,0.1,Exact-filter-first,10,1.0,0.2624869999863222
4,0.1,HNSW-low,10,0.9,0.14827600000444363
4,0.5,Exact-filter-first,10,1.0,0.9875939999801631
4,0.5,HNSW-high,10,1.0,0.5088770000156728
4,0.5,HNSW-low,10,1.0,0.15024899994386942
4,0.5,HNSW-medium,10,1.0,0.23673600003348838
4,1.0,HNSW-medium,10,1.0,0.4310430000487031
4,1.0,HNSW-high,10,1.0,0.5109509999101647
4,1.0,HNSW-low,10,1.0,0.15573900009258068
4,1.0,Exact-filter-first,10,1.0,1.8522120000170617
5,0.01,HNSW-low,2,0.2,0.217338999959793
5,0.01,HNSW-medium,5,0.5,0.24643500000820495
5,0.01,Exact-filter-first,10,1.0,0.05658099996708188
5,0.01,HNSW-high,7,0.7,0.4060390000404368
5,0.1,HNSW-low,8,0.8,0.16856900003858755
5,0.1,Exact-filter-first,10,1.0,0.252642999953423
5,0.1,HNSW-medium,10,1.0,0.28008100002807623
5,0.1,HNSW-high,10,1.0,0.38436599993474374
5,0.5,HNSW-high,10,1.0,0.5005500000834218
5,0.5,HNSW-low,10,1.0,0.14993499996762694
5,0.5,HNSW-medium,10,1.0,0.2461590000848446
5,0.5,Exact-filter-first,10,1.0,0.9258720000389076
5,1.0,HNSW-low,10,1.0,0.23897799997030233
5,1.0,Exact-filter-first,10,1.0,1.5495940000391784
5,1.0,HNSW-high,10,1.0,0.5801209999845014
5,1.0,HNSW-medium,10,1.0,0.34761300003083306
6,0.01,HNSW-low,2,0.2,0.16274300003260578
6,0.01,Exact-filter-first,10,1.0,0.05173499994270969
6,0.01,HNSW-medium,5,0.5,0.21375799997258582
6,0.01,HNSW-high,5,0.5,0.47475299993493536
6,0.1,HNSW-medium,10,1.0,0.26414900003146613
6,0.1,HNSW-high,10,1.0,0.4037620000190145
6,0.1,Exact-filter-first,10,1.0,0.25393699991127505
6,0.1,HNSW-low,10,1.0,0.14927699999134347
6,0.5,HNSW-high,10,1.0,0.4915600000003906
6,0.5,HNSW-medium,10,1.0,0.25423900001442234
6,0.5,Exact-filter-first,10,1.0,0.9407069999269879
6,0.5,HNSW-low,10,1.0,0.16852999999628082
6,1.0,HNSW-low,10,1.0,0.20293399995807704
6,1.0,Exact-filter-first,10,1.0,1.5601260000721595
6,1.0,HNSW-high,10,1.0,0.5903980000994125
6,1.0,HNSW-medium,10,1.0,0.3452109999670938
7,0.01,HNSW-low,0,0.0,0.14213299994025874
7,0.01,HNSW-high,5,0.5,0.42755999993460136
7,0.01,Exact-filter-first,10,1.0,0.05620199999611941
7,0.01,HNSW-medium,4,0.4,0.23634600006516848
7,0.1,HNSW-medium,10,1.0,0.29060999997909676
7,0.1,HNSW-low,7,0.7,0.129834000063056
7,0.1,Exact-filter-first,10,1.0,0.24155400001291127
7,0.1,HNSW-high,10,1.0,0.7400079999797526
7,0.5,HNSW-high,10,1.0,0.5426079999324429
7,0.5,HNSW-medium,10,1.0,0.2817920000097729
7,0.5,HNSW-low,10,1.0,0.14092900005380216
7,0.5,Exact-filter-first,10,1.0,0.9952839999414209
7,1.0,HNSW-low,10,1.0,0.2553010000383438
7,1.0,HNSW-high,10,1.0,0.5431089999774485
7,1.0,HNSW-medium,10,1.0,0.3284409999650961
7,1.0,Exact-filter-first,10,1.0,1.7158790000166846
8,0.01,Exact-filter-first,10,1.0,0.04824699999517179
8,0.01,HNSW-low,0,0.0,0.1524249998965388
8,0.01,HNSW-high,1,0.1,0.39585300010003266
8,0.01,HNSW-medium,1,0.1,0.2073780000273473
8,0.1,HNSW-high,10,1.0,0.44299499995759106
8,0.1,Exact-filter-first,10,1.0,0.25677400003587536
8,0.1,HNSW-medium,10,1.0,0.24640699996325566
8,0.1,HNSW-low,7,0.7,0.12896999999156833
8,0.5,HNSW-high,10,1.0,0.46190499995191203
8,0.5,HNSW-medium,10,1.0,0.26141099999676953
8,0.5,Exact-filter-first,10,1.0,0.8910560000003898
8,0.5,HNSW-low,10,1.0,0.18611500001952663
8,1.0,HNSW-high,10,1.0,0.5435119999219751
8,1.0,HNSW-medium,10,1.0,0.6839659999968717
8,1.0,HNSW-low,10,1.0,0.20345900009033357
8,1.0,Exact-filter-first,10,1.0,1.599465000026612
9,0.01,HNSW-low,1,0.1,0.1888809999854857
9,0.01,HNSW-high,1,0.1,0.3847439999162816
9,0.01,HNSW-medium,1,0.1,0.1931650000415175
9,0.01,Exact-filter-first,10,1.0,0.06757500000276195
9,0.1,HNSW-high,10,1.0,0.44867600001907704
9,0.1,HNSW-medium,10,1.0,0.3287839999757125
9,0.1,Exact-filter-first,10,1.0,0.2524099999163809
9,0.1,HNSW-low,9,0.9,0.16281099999559956
9,0.5,HNSW-high,10,1.0,0.47829100003582425
9,0.5,HNSW-low,10,0.9,0.14360900001975097
9,0.5,Exact-filter-first,10,1.0,0.9093349999602651
9,0.5,HNSW-medium,10,1.0,0.29293000000052416
9,1.0,HNSW-high,10,1.0,0.5444269999088647
9,1.0,Exact-filter-first,10,1.0,1.5019769999753407
9,1.0,HNSW-medium,10,1.0,0.3617700000404511
9,1.0,HNSW-low,10,0.9,0.160791999974208
10,0.01,HNSW-high,5,0.5,0.42796499997166393
10,0.01,HNSW-medium,5,0.5,0.23399899998821638
10,0.01,Exact-filter-first,10,1.0,0.055094000003919064
10,0.01,HNSW-low,0,0.0,0.1056459999517756
10,0.1,HNSW-medium,10,1.0,0.26079099995968136
10,0.1,HNSW-low,6,0.6,0.14375000000654836
10,0.1,Exact-filter-first,10,1.0,0.24987800009057537
10,0.1,HNSW-high,10,1.0,0.4241659999024705
10,0.5,HNSW-high,10,1.0,0.4797870000174953
10,0.5,Exact-filter-first,10,1.0,0.929592000034063
10,0.5,HNSW-medium,10,1.0,0.2976619999799368
10,0.5,HNSW-low,10,1.0,0.14526299992212444
10,1.0,HNSW-high,10,1.0,0.5603240000482401
10,1.0,HNSW-low,10,1.0,0.16671200000928366
10,1.0,HNSW-medium,10,1.0,0.2939240000614518
10,1.0,Exact-filter-first,10,1.0,1.5382740000404738
11,0.01,HNSW-high,9,0.9,0.451071999918895
11,0.01,HNSW-medium,9,0.9,0.22666699999263074
11,0.01,HNSW-low,2,0.2,0.12457600007564906
11,0.01,Exact-filter-first,10,1.0,0.056095999980243505
11,0.1,Exact-filter-first,10,1.0,0.22165299992593646
11,0.1,HNSW-high,10,1.0,0.46936399996866385
11,0.1,HNSW-medium,10,1.0,0.2739130000009027
11,0.1,HNSW-low,10,1.0,0.12963300002866163
11,0.5,HNSW-medium,10,1.0,0.31572499995036196
11,0.5,Exact-filter-first,10,1.0,0.8895900000425172
11,0.5,HNSW-low,10,1.0,0.16663799999605544
11,0.5,HNSW-high,10,1.0,0.4427140000871077
11,1.0,HNSW-medium,10,1.0,0.3454810000675934
11,1.0,HNSW-low,10,1.0,0.15196800006833655
11,1.0,HNSW-high,10,1.0,0.4728520000298886
11,1.0,Exact-filter-first,10,1.0,1.5322900000001027
12,0.01,HNSW-high,5,0.5,0.45713399993019266
12,0.01,Exact-filter-first,10,1.0,0.05263399998511886
12,0.01,HNSW-medium,4,0.4,0.2203220000183137
12,0.01,HNSW-low,1,0.1,0.12070200000380282
12,0.1,HNSW-high,10,1.0,0.44063799998639297
12,0.1,Exact-filter-first,10,1.0,0.24791099997401034
12,0.1,HNSW-low,10,1.0,0.15151499997045903
12,0.1,HNSW-medium,10,1.0,0.2506909999056006
12,0.5,HNSW-medium,10,1.0,0.2833780000628394
12,0.5,Exact-filter-first,10,1.0,0.9265850000019782
12,0.5,HNSW-high,10,1.0,0.7116219999261375
12,0.5,HNSW-low,10,1.0,0.16199799995320063
12,1.0,Exact-filter-first,10,1.0,1.5410680000513821
12,1.0,HNSW-high,10,1.0,0.6161919999385645
12,1.0,HNSW-medium,10,1.0,0.3401120000035007
12,1.0,HNSW-low,10,1.0,0.15001799999936338
13,0.01,Exact-filter-first,10,1.0,0.05620499996439321
13,0.01,HNSW-high,7,0.7,0.4265360000772489
13,0.01,HNSW-medium,7,0.7,0.21524099997805024
13,0.01,HNSW-low,3,0.3,0.11309399997116998
13,0.1,HNSW-high,10,1.0,0.4238770000029035
13,0.1,Exact-filter-first,10,1.0,0.2378620000627052
13,0.1,HNSW-medium,10,1.0,0.24914499999795225
13,0.1,HNSW-low,10,0.9,0.1207999999905951
13,0.5,HNSW-medium,10,1.0,0.3037280000626197
13,0.5,Exact-filter-first,10,1.0,0.9141909999925701
13,0.5,HNSW-high,10,1.0,0.456752999980381
13,0.5,HNSW-low,10,1.0,0.13865100004295527
13,1.0,HNSW-low,10,1.0,0.1914480000095864
13,1.0,HNSW-high,10,1.0,0.479544999961945
13,1.0,HNSW-medium,10,1.0,0.305322000031083
13,1.0,Exact-filter-first,10,1.0,1.5193360000012035
14,0.01,Exact-filter-first,10,1.0,0.045494999994843965
14,0.01,HNSW-medium,2,0.2,0.28181699997276155
14,0.01,HNSW-low,1,0.1,0.12330300000940042
14,0.01,HNSW-high,6,0.6,0.41354400002546754
14,0.1,HNSW-low,10,1.0,0.387261000014405
14,0.1,HNSW-high,10,1.0,0.49532499997440027
14,0.1,Exact-filter-first,10,1.0,0.2535669999588208
14,0.1,HNSW-medium,10,1.0,0.26728900002126466
14,0.5,Exact-filter-first,10,1.0,0.8581009999488742
14,0.5,HNSW-low,10,1.0,0.2056619999848408
14,0.5,HNSW-medium,10,1.0,0.25402000005669834
14,0.5,HNSW-high,10,1.0,0.45258199997988413
14,1.0,HNSW-high,10,1.0,0.564593999911267
14,1.0,HNSW-medium,10,1.0,0.31962699995347066
14,1.0,HNSW-low,10,1.0,0.18210700000054203
14,1.0,Exact-filter-first,10,1.0,1.6172210000604537
15,0.01,Exact-filter-first,10,1.0,0.04619700007424399
15,0.01,HNSW-medium,5,0.5,0.30755000000226573
15,0.01,HNSW-high,8,0.7,0.38633799999843177
15,0.01,HNSW-low,1,0.1,0.13243000000784377
15,0.1,HNSW-high,10,1.0,0.45116600006167573
15,0.1,HNSW-low,5,0.5,0.14613600001212035
15,0.1,HNSW-medium,10,1.0,0.20811399997455737
15,0.1,Exact-filter-first,10,1.0,0.29279000000315136
15,0.5,HNSW-low,10,1.0,0.1851619999797549
15,0.5,HNSW-medium,10,1.0,0.2643560000024081
15,0.5,Exact-filter-first,10,1.0,0.9347039999738627
15,0.5,HNSW-high,10,1.0,0.4717010000376831
15,1.0,HNSW-medium,10,1.0,0.4125509999539645
15,1.0,Exact-filter-first,10,1.0,1.682579999965128
15,1.0,HNSW-low,10,1.0,0.32193399999869143
15,1.0,HNSW-high,10,1.0,0.7519179999917469
16,0.01,HNSW-low,0,0.0,0.20269499998448737
16,0.01,HNSW-high,3,0.3,0.6522630000063145
16,0.01,HNSW-medium,2,0.2,0.6883359999392269
16,0.01,Exact-filter-first,10,1.0,0.10922100000243518
16,0.1,HNSW-low,10,1.0,0.28430500003651105
16,0.1,Exact-filter-first,10,1.0,0.40630700004840037
16,0.1,HNSW-medium,10,1.0,0.7178600000088409
16,0.1,HNSW-high,10,1.0,0.6690449999950943
16,0.5,HNSW-low,10,1.0,0.2802249999831474
16,0.5,HNSW-high,10,1.0,0.7339860000001863
16,0.5,HNSW-medium,10,1.0,0.4187099999626298
16,0.5,Exact-filter-first,10,1.0,1.251849000027505
16,1.0,HNSW-low,10,1.0,0.3271429999358588
16,1.0,HNSW-high,10,1.0,0.8057679999637912
16,1.0,HNSW-medium,10,1.0,0.4803659999197407
16,1.0,Exact-filter-first,10,1.0,2.2351280000521
17,0.01,HNSW-high,7,0.7,0.6709110000429064
17,0.01,HNSW-low,3,0.3,0.21355199999106844
17,0.01,HNSW-medium,7,0.7,0.30776500000229134
17,0.01,Exact-filter-first,10,1.0,0.09227499992903176
17,0.1,Exact-filter-first,10,1.0,0.4263329999503185
17,0.1,HNSW-high,10,1.0,0.587919999929909
17,0.1,HNSW-low,10,1.0,0.1880360000541259
17,0.1,HNSW-medium,10,1.0,0.2945540001064728
17,0.5,HNSW-medium,10,1.0,0.44469500005561713
17,0.5,Exact-filter-first,10,1.0,1.2274439999373499
17,0.5,HNSW-low,10,1.0,0.18622100003540254
17,0.5,HNSW-high,10,1.0,0.5100870000660507
17,1.0,HNSW-medium,10,1.0,0.460829999951784
17,1.0,HNSW-high,10,1.0,0.4984769999509808
17,1.0,HNSW-low,10,1.0,0.23375799992209068
17,1.0,Exact-filter-first,10,1.0,1.614278999909402
18,0.01,HNSW-low,0,0.0,0.21523800000977644
18,0.01,Exact-filter-first,10,1.0,0.06659999996827537
18,0.01,HNSW-high,5,0.5,0.42497999993429403
18,0.01,HNSW-medium,4,0.4,0.21104000006744172
18,0.1,HNSW-high,10,1.0,0.45511100006478955
18,0.1,HNSW-medium,10,1.0,0.29971000003570225
18,0.1,Exact-filter-first,10,1.0,0.5314139999654799
18,0.1,HNSW-low,10,1.0,0.2519690000326591
18,0.5,Exact-filter-first,10,1.0,0.9563390000266736
18,0.5,HNSW-medium,10,1.0,0.3591710000137027
18,0.5,HNSW-low,10,1.0,0.2278829999795562
18,0.5,HNSW-high,10,1.0,0.4789199999777338
18,1.0,Exact-filter-first,10,1.0,1.4987909999035764
18,1.0,HNSW-low,10,1.0,0.3023630000598132
18,1.0,HNSW-high,10,1.0,0.5345989999341327
18,1.0,HNSW-medium,10,1.0,0.3430880000223624
19,0.01,Exact-filter-first,10,1.0,0.04591199990500172
19,0.01,HNSW-low,0,0.0,0.12581900000441237
19,0.01,HNSW-high,5,0.5,0.3891300000304909
19,0.01,HNSW-medium,4,0.4,0.22248400000535185
19,0.1,HNSW-medium,10,1.0,0.26504100003421627
19,0.1,Exact-filter-first,10,1.0,0.26904399999239104
19,0.1,HNSW-high,10,1.0,0.4085790000090128
19,0.1,HNSW-low,10,0.9,0.13123400003678398
19,0.5,HNSW-low,10,1.0,0.17045600009168993
19,0.5,HNSW-medium,10,1.0,0.26992499999778374
19,0.5,HNSW-high,10,1.0,0.4323229999272371
19,0.5,Exact-filter-first,10,1.0,0.9192709999297222
19,1.0,HNSW-high,10,1.0,0.8010059999605801
19,1.0,HNSW-medium,10,1.0,0.47769499997230014
19,1.0,Exact-filter-first,10,1.0,1.7577440000877687
19,1.0,HNSW-low,10,1.0,0.20019999999476568
